Name,Email,College Name,Contact Number,City,Gender
John Doe,johndoe@example.com,University A,123-456-7890,City X,Male
Jane Smith,janesmith@example.com,College B,987-654-3210,City Y,Female
Michael Johnson,michaeljohnson@example.com,Institute C,567-890-1234,City Z,Male
Emily Davis,emilydavis@example.com,University D,234-567-8901,City X,Female
Robert White,robertwhite@example.com,College E,876-543-2109,City Y,Male
Sara Lee,saralee@example.com,Institute F,345-678-9012,City Z,Female
David Miller,davidmiller@example.com,University G,654-321-0987,City X,Male
Emma Brown,emmabrown@example.com,College H,210-987-6543,City Y,Female
Christopher Hall,christopherhall@example.com,Institute I,789-012-3456,City Z,Male
Olivia Taylor,oliviataylor@example.com,University J,432-109-8765,City X,Female
Daniel Clark,danielclark@example.com,College K,321-098-7654,City Y,Male
Sophia Moore,sophiamoore@example.com,Institute L,901-234-5678,City Z,Female
Alex Anderson,alexanderson@example.com,University M,543-210-9876,City X,Male
Grace Wilson,gracewilson@example.com,College N,876-543-2109,City Y,Female
Ethan Walker,ethanwalker@example.com,Institute O,345-678-9012,City Z,Male
Ava Garcia,avagarcia@example.com,University P,654-321-0987,City X,Female
Noah Martinez,noahmartinez@example.com,College Q,210-987-6543,City Y,Male
Lily Davis,lilydavis@example.com,Institute R,789-012-3456,City Z,Female
William Harris,williamharris@example.com,University S,432-109-8765,City X,Male
Sophie Jackson,sophiejackson@example.com,College T,321-098-7654,City Y,Female
Mason Brown,masonbrown@example.com,Institute U,901-234-5678,City Z,Male
Chloe Taylor,chloetaylor@example.com,University V,543-210-9876,City X,Female
James Lee,jameslee@example.com,College W,876-543-2109,City Y,Male
Zoe Wilson,zoewilson@example.com,Institute X,345-678-9012,City Z,Female
Andrew Miller,andrewmiller@example.com,University Y,654-321-0987,City X,Male
Madison Hall,madisonhall@example.com,College Z,210-987-6543,City Y,Female
Logan Anderson,logananderson@example.com,Institute AA,789-012-3456,City Z,Male
Aria Thomas,ariathomas@example.com,University BB,432-109-8765,City X,Female
Jacob Martin,jacobmartin@example.com,College CC,321-098-7654,City Y,Male